"0","acp$ind"
"1","$coord
"
"1","   "
"1","       Dim.1"
"1","        Dim.2"
"1","        Dim.3"
"1","        Dim.4"
"1","
1  "
"1"," -2.26470281"
"1","  0.480026597"
"1"," -0.127706022"
"1"," -0.024168204"
"1","
2  "
"1"," -2.08096115"
"1"," -0.674133557"
"1"," -0.234608854"
"1"," -0.103006775"
"1","
3  "
"1"," -2.36422905"
"1"," -0.341908024"
"1","  0.044201485"
"1"," -0.028377053"
"1","
4  "
"1"," -2.29938422"
"1"," -0.597394508"
"1","  0.091290106"
"1","  0.065955560"
"1","
5  "
"1"," -2.38984217"
"1","  0.646835383"
"1","  0.015738196"
"1","  0.035922813"
"1","
6  "
"1"," -2.07563095"
"1","  1.489177523"
"1","  0.026968294"
"1"," -0.006608180"
"1","
7  "
"1"," -2.44402884"
"1","  0.047644198"
"1","  0.335470401"
"1","  0.036775557"
"1","
8  "
"1"," -2.23284716"
"1","  0.223148073"
"1"," -0.088695498"
"1","  0.024612096"
"1","
9  "
"1"," -2.33464048"
"1"," -1.115327675"
"1","  0.145076864"
"1","  0.026859221"
"1","
10 "
"1"," -2.18432817"
"1"," -0.469013561"
"1"," -0.253765567"
"1","  0.039899288"
"1","
11 "
"1"," -2.16631010"
"1","  1.043690653"
"1"," -0.268681102"
"1"," -0.016731367"
"1","
12 "
"1"," -2.32613087"
"1","  0.133078335"
"1","  0.093759244"
"1","  0.133483413"
"1","
13 "
"1"," -2.21845090"
"1"," -0.728676165"
"1"," -0.230911237"
"1"," -0.002425038"
"1","
14 "
"1"," -2.63310070"
"1"," -0.961506729"
"1","  0.180796084"
"1","  0.019215534"
"1","
15 "
"1"," -2.19874060"
"1","  1.860057113"
"1"," -0.472900998"
"1"," -0.194731769"
"1","
16 "
"1"," -2.26221453"
"1","  2.686284485"
"1","  0.030526609"
"1"," -0.050533737"
"1","
17 "
"1"," -2.20758770"
"1","  1.483609363"
"1"," -0.005344094"
"1"," -0.188817432"
"1","
18 "
"1"," -2.19034951"
"1","  0.488838316"
"1"," -0.044215316"
"1"," -0.093090438"
"1","
19 "
"1"," -1.89857200"
"1","  1.405018794"
"1"," -0.374343275"
"1"," -0.061095967"
"1","
20 "
"1"," -2.34336905"
"1","  1.127849382"
"1","  0.132630467"
"1","  0.037756420"
"1","
21 "
"1"," -1.91432300"
"1","  0.408855708"
"1"," -0.421292594"
"1"," -0.010921286"
"1","
22 "
"1"," -2.20701284"
"1","  0.924121427"
"1","  0.159865277"
"1"," -0.059597330"
"1","
23 "
"1"," -2.77434470"
"1","  0.458343668"
"1","  0.332179098"
"1"," -0.019648430"
"1","
24 "
"1"," -1.81866953"
"1","  0.085558526"
"1","  0.034488596"
"1"," -0.151140999"
"1","
25 "
"1"," -2.22716331"
"1","  0.137254455"
"1","  0.117993536"
"1","  0.270140352"
"1","
26 "
"1"," -1.95184633"
"1"," -0.625618588"
"1"," -0.305640982"
"1"," -0.043561651"
"1","
27 "
"1"," -2.05115137"
"1","  0.242163553"
"1","  0.086364011"
"1"," -0.067680060"
"1","
28 "
"1"," -2.16857717"
"1","  0.527149525"
"1"," -0.206816248"
"1"," -0.010275393"
"1","
29 "
"1"," -2.13956345"
"1","  0.313217810"
"1"," -0.271150240"
"1"," -0.084259221"
"1","
30 "
"1"," -2.26526149"
"1"," -0.337731904"
"1","  0.068435776"
"1","  0.108279885"
"1","
31 "
"1"," -2.14012214"
"1"," -0.504540690"
"1"," -0.075008442"
"1","  0.048188868"
"1","
32 "
"1"," -1.83159477"
"1","  0.423695068"
"1"," -0.270467377"
"1"," -0.239870381"
"1","
33 "
"1"," -2.61494794"
"1","  1.793575856"
"1","  0.047228419"
"1","  0.229235932"
"1","
34 "
"1"," -2.44617739"
"1","  2.150727877"
"1"," -0.082668045"
"1","  0.048214393"
"1","
35 "
"1"," -2.10997488"
"1"," -0.460201841"
"1"," -0.170274861"
"1"," -0.029022947"
"1","
36 "
"1"," -2.20780890"
"1"," -0.206107398"
"1"," -0.225441580"
"1"," -0.168907873"
"1","
37 "
"1"," -2.04514621"
"1","  0.661558111"
"1"," -0.484537410"
"1"," -0.196358525"
"1","
38 "
"1"," -2.52733191"
"1","  0.592292774"
"1","  0.019435812"
"1","  0.136504550"
"1","
39 "
"1"," -2.42963258"
"1"," -0.904180040"
"1","  0.193254662"
"1","  0.009738423"
"1","
40 "
"1"," -2.16971071"
"1","  0.268878961"
"1"," -0.175883821"
"1"," -0.007047406"
"1","
41 "
"1"," -2.28647514"
"1","  0.441715388"
"1","  0.034894909"
"1"," -0.106983249"
"1","
42 "
"1"," -1.85812246"
"1"," -2.337415158"
"1"," -0.204234223"
"1"," -0.289863919"
"1","
43 "
"1"," -2.55363840"
"1"," -0.479100690"
"1","  0.305766453"
"1","  0.066601453"
"1","
44 "
"1"," -1.96444768"
"1","  0.472326668"
"1","  0.309601318"
"1"," -0.177093014"
"1","
45 "
"1"," -2.13705901"
"1","  1.142229262"
"1","  0.248433561"
"1","  0.151043437"
"1","
46 "
"1"," -2.06974430"
"1"," -0.711052725"
"1"," -0.063929826"
"1"," -0.140269507"
"1","
47 "
"1"," -2.38473317"
"1","  1.120429702"
"1","  0.057217858"
"1","  0.152230967"
"1","
48 "
"1"," -2.39437631"
"1"," -0.386246873"
"1","  0.139467905"
"1","  0.048834762"
"1","
49 "
"1"," -2.22944655"
"1","  0.997959764"
"1"," -0.181492780"
"1","  0.014928135"
"1","
50 "
"1"," -2.20383344"
"1","  0.009216358"
"1"," -0.153029490"
"1"," -0.049371732"
"1","
51 "
"1","  1.10178118"
"1","  0.862972418"
"1"," -0.684586163"
"1"," -0.034833776"
"1","
52 "
"1","  0.73133743"
"1","  0.594614726"
"1"," -0.094121716"
"1"," -0.004903623"
"1","
53 "
"1","  1.24097932"
"1","  0.616297654"
"1"," -0.554006835"
"1"," -0.009423397"
"1","
54 "
"1","  0.40748306"
"1"," -1.754403989"
"1"," -0.023101768"
"1"," -0.065768835"
"1","
55 "
"1","  1.07547470"
"1"," -0.208421046"
"1"," -0.398255523"
"1"," -0.104736873"
"1","
56 "
"1","  0.38868734"
"1"," -0.593283636"
"1","  0.124191550"
"1","  0.240831300"
"1","
57 "
"1","  0.74652974"
"1","  0.773019312"
"1","  0.148969403"
"1","  0.077369785"
"1","
58 "
"1"," -0.48732274"
"1"," -1.852429087"
"1","  0.249265266"
"1","  0.040520205"
"1","
59 "
"1","  0.92790164"
"1","  0.032226078"
"1"," -0.596169361"
"1","  0.029879609"
"1","
60 "
"1","  0.01142619"
"1"," -1.034018275"
"1","  0.538899390"
"1","  0.028461184"
"1","
61 "
"1"," -0.11019628"
"1"," -2.654072819"
"1"," -0.046790444"
"1"," -0.013760731"
"1","
62 "
"1","  0.44069345"
"1"," -0.063295188"
"1","  0.205073815"
"1"," -0.040126082"
"1","
63 "
"1","  0.56210831"
"1"," -1.764724381"
"1"," -0.765771394"
"1"," -0.045731157"
"1","
64 "
"1","  0.71956189"
"1"," -0.186224606"
"1"," -0.068658945"
"1","  0.164807198"
"1","
65 "
"1"," -0.03335470"
"1"," -0.439003210"
"1","  0.194932893"
"1"," -0.109048499"
"1","
66 "
"1","  0.87540719"
"1","  0.509063957"
"1"," -0.503511382"
"1"," -0.104943723"
"1","
67 "
"1","  0.35025167"
"1"," -0.196311735"
"1","  0.490873075"
"1","  0.191509364"
"1","
68 "
"1","  0.15881005"
"1"," -0.792095742"
"1"," -0.302037174"
"1","  0.205297735"
"1","
69 "
"1","  1.22509363"
"1"," -1.622243803"
"1"," -0.482304024"
"1"," -0.225899769"
"1","
70 "
"1","  0.16491790"
"1"," -1.302609230"
"1"," -0.172837808"
"1","  0.051726849"
"1","
71 "
"1","  0.73768265"
"1","  0.396571562"
"1","  0.616526306"
"1","  0.083284123"
"1","
72 "
"1","  0.47628719"
"1"," -0.417320281"
"1"," -0.264952227"
"1"," -0.113568273"
"1","
73 "
"1","  1.23417810"
"1"," -0.933325729"
"1"," -0.368412272"
"1","  0.009944526"
"1","
74 "
"1","  0.63285820"
"1"," -0.416387721"
"1"," -0.291896252"
"1","  0.274220152"
"1","
75 "
"1","  0.70266118"
"1"," -0.063411820"
"1"," -0.446027008"
"1"," -0.043458325"
"1","
76 "
"1","  0.87427365"
"1","  0.250793393"
"1"," -0.472578954"
"1"," -0.101715736"
"1","
77 "
"1","  1.25650912"
"1"," -0.077256020"
"1"," -0.727155002"
"1"," -0.039688518"
"1","
78 "
"1","  1.35840512"
"1","  0.331311682"
"1"," -0.260826577"
"1"," -0.066828064"
"1","
79 "
"1","  0.66480037"
"1"," -0.225927855"
"1","  0.085863889"
"1","  0.036439840"
"1","
80 "
"1"," -0.04025861"
"1"," -1.058718547"
"1"," -0.319573330"
"1"," -0.064788156"
"1","
81 "
"1","  0.13079518"
"1"," -1.562271834"
"1"," -0.149983478"
"1","  0.009402523"
"1","
82 "
"1","  0.02345269"
"1"," -1.572475594"
"1"," -0.241552281"
"1","  0.032772444"
"1","
83 "
"1","  0.24153827"
"1"," -0.777256383"
"1"," -0.151211957"
"1"," -0.023651360"
"1","
84 "
"1","  1.06109461"
"1"," -0.633843245"
"1","  0.105311387"
"1","  0.183968453"
"1","
85 "
"1","  0.22397877"
"1"," -0.287773512"
"1","  0.665249720"
"1","  0.254828368"
"1","
86 "
"1","  0.42913912"
"1","  0.845582241"
"1","  0.450634071"
"1","  0.109675181"
"1","
87 "
"1","  1.04872805"
"1","  0.522051797"
"1"," -0.395786384"
"1"," -0.037209019"
"1","
88 "
"1","  1.04453138"
"1"," -1.382988719"
"1"," -0.688295960"
"1"," -0.136835600"
"1","
89 "
"1","  0.06958832"
"1"," -0.219503335"
"1","  0.291579274"
"1","  0.147144581"
"1","
90 "
"1","  0.28347724"
"1"," -1.329324639"
"1","  0.089410023"
"1"," -0.008905805"
"1","
91 "
"1","  0.27907778"
"1"," -1.120028524"
"1","  0.094487601"
"1","  0.270657196"
"1","
92 "
"1","  0.62456979"
"1","  0.024923029"
"1"," -0.020481147"
"1","  0.147686401"
"1","
93 "
"1","  0.33653037"
"1"," -0.988404018"
"1"," -0.199389755"
"1"," -0.006530562"
"1","
94 "
"1"," -0.36218338"
"1"," -2.019237873"
"1","  0.105821048"
"1"," -0.019570812"
"1","
95 "
"1","  0.28858624"
"1"," -0.855730320"
"1","  0.130889685"
"1","  0.107402349"
"1","
96 "
"1","  0.09136066"
"1"," -0.181192126"
"1","  0.128978343"
"1","  0.229959626"
"1","
97 "
"1","  0.22771687"
"1"," -0.384920081"
"1","  0.156213154"
"1","  0.132605877"
"1","
98 "
"1","  0.57638829"
"1"," -0.154873597"
"1"," -0.271650362"
"1","  0.019860679"
"1","
99 "
"1"," -0.44766702"
"1"," -1.543792034"
"1","  0.190400930"
"1"," -0.199946457"
"1","
100"
"1","  0.25673059"
"1"," -0.598851796"
"1","  0.091879161"
"1","  0.058622049"
"1","
101"
"1","  1.84456887"
"1","  0.870421312"
"1","  1.005401018"
"1","  0.049249743"
"1","
102"
"1","  1.15788161"
"1"," -0.698869862"
"1","  0.530160149"
"1","  0.040520754"
"1","
103"
"1","  2.20526679"
"1","  0.562010477"
"1"," -0.202914170"
"1"," -0.059184194"
"1","
104"
"1","  1.44015066"
"1"," -0.046987588"
"1","  0.163630107"
"1","  0.235770073"
"1","
105"
"1","  1.86781222"
"1","  0.295044824"
"1","  0.395628375"
"1","  0.016298272"
"1","
106"
"1","  2.75187334"
"1","  0.800409201"
"1"," -0.582309103"
"1","  0.101384486"
"1","
107"
"1","  0.36701769"
"1"," -1.561502891"
"1","  0.986893267"
"1","  0.133123834"
"1","
108"
"1","  2.30243944"
"1","  0.420065580"
"1"," -0.651706439"
"1","  0.238041242"
"1","
109"
"1","  2.00668647"
"1"," -0.711438654"
"1"," -0.393990571"
"1","  0.086510630"
"1","
110"
"1","  2.25977735"
"1","  1.921010376"
"1","  0.397551897"
"1"," -0.104838918"
"1","
111"
"1","  1.36417549"
"1","  0.692756454"
"1","  0.284612074"
"1"," -0.107860420"
"1","
112"
"1","  1.60267867"
"1"," -0.421700450"
"1","  0.023186408"
"1"," -0.058331633"
"1","
113"
"1","  1.88390070"
"1","  0.419249651"
"1","  0.026338410"
"1"," -0.146414939"
"1","
114"
"1","  1.26011510"
"1"," -1.162260421"
"1","  0.580249290"
"1"," -0.099157321"
"1","
115"
"1","  1.46764520"
"1"," -0.442271587"
"1","  1.003869574"
"1"," -0.275658903"
"1","
116"
"1","  1.59007732"
"1","  0.676244806"
"1","  0.638428708"
"1"," -0.191862996"
"1","
117"
"1","  1.47143146"
"1","  0.255621824"
"1","  0.037431260"
"1","  0.155330271"
"1","
118"
"1","  2.42632899"
"1","  2.556661251"
"1"," -0.127881459"
"1","  0.273807183"
"1","
119"
"1","  3.31069558"
"1","  0.017780949"
"1"," -0.703305304"
"1"," -0.045188606"
"1","
120"
"1","  1.26376667"
"1"," -1.706745380"
"1"," -0.267536893"
"1","  0.065180800"
"1","
121"
"1","  2.03771630"
"1","  0.910467410"
"1","  0.234799484"
"1"," -0.167951254"
"1","
122"
"1","  0.97798073"
"1"," -0.571764325"
"1","  0.828127201"
"1"," -0.027755587"
"1","
123"
"1","  2.89765149"
"1","  0.413641060"
"1"," -0.857421825"
"1","  0.127336502"
"1","
124"
"1","  1.33323218"
"1"," -0.481811219"
"1"," -0.005428364"
"1"," -0.139959148"
"1","
125"
"1","  1.70073390"
"1","  1.013921867"
"1","  0.298450613"
"1","  0.061643734"
"1","
126"
"1","  1.95432671"
"1","  1.007777596"
"1"," -0.419984722"
"1","  0.218338351"
"1","
127"
"1","  1.17510363"
"1"," -0.316394472"
"1","  0.129937757"
"1"," -0.125420444"
"1","
128"
"1","  1.02095055"
"1","  0.064346029"
"1","  0.337715967"
"1","  0.008654401"
"1","
129"
"1","  1.78834992"
"1"," -0.187361215"
"1","  0.270658006"
"1"," -0.031087648"
"1","
130"
"1","  1.86364755"
"1","  0.562290726"
"1"," -0.715634119"
"1","  0.208215164"
"1","
131"
"1","  2.43595373"
"1","  0.259284433"
"1"," -0.727816146"
"1","  0.017923365"
"1","
132"
"1","  2.30492772"
"1","  2.626323468"
"1"," -0.493473808"
"1","  0.211675709"
"1","
133"
"1","  1.86270322"
"1"," -0.178549495"
"1","  0.354148712"
"1"," -0.100009882"
"1","
134"
"1","  1.11414774"
"1"," -0.292922623"
"1"," -0.183488392"
"1","  0.186343697"
"1","
135"
"1","  1.20247330"
"1"," -0.811315271"
"1"," -0.164723757"
"1","  0.489483470"
"1","
136"
"1","  2.79877045"
"1","  0.856803329"
"1"," -0.542906499"
"1"," -0.295881050"
"1","
137"
"1","  1.57625591"
"1","  1.068581107"
"1","  0.945853819"
"1"," -0.035605759"
"1","
138"
"1","  1.34629210"
"1","  0.422430611"
"1","  0.180875478"
"1","  0.215421288"
"1","
139"
"1","  0.92482492"
"1","  0.017223100"
"1","  0.416826193"
"1"," -0.005238409"
"1","
140"
"1","  1.85204505"
"1","  0.676128174"
"1"," -0.012672115"
"1"," -0.195195239"
"1","
141"
"1","  2.01481043"
"1","  0.613885637"
"1","  0.428332842"
"1"," -0.247538313"
"1","
142"
"1","  1.90178409"
"1","  0.689575494"
"1","  0.130075005"
"1"," -0.469696647"
"1","
143"
"1","  1.15788161"
"1"," -0.698869862"
"1","  0.530160149"
"1","  0.040520754"
"1","
144"
"1","  2.04055823"
"1","  0.867520601"
"1","  0.338144000"
"1"," -0.045187126"
"1","
145"
"1","  1.99814710"
"1","  1.049168747"
"1","  0.632413436"
"1"," -0.214045204"
"1","
146"
"1","  1.87050329"
"1","  0.386966082"
"1","  0.256273852"
"1"," -0.389256845"
"1","
147"
"1","  1.56458048"
"1"," -0.896686809"
"1"," -0.026371352"
"1"," -0.220192100"
"1","
148"
"1","  1.52117050"
"1","  0.269069144"
"1","  0.180178380"
"1"," -0.119171137"
"1","
149"
"1","  1.37278779"
"1","  1.011254419"
"1","  0.933395241"
"1"," -0.026128648"
"1","
150"
"1","  0.96065603"
"1"," -0.024331668"
"1","  0.528248807"
"1","  0.163078032"
"1","
"
"1","
"
"1","$cos2
"
"1","   "
"1","        Dim.1"
"1","        Dim.2"
"1","        Dim.3"
"1","        Dim.4"
"1","
1  "
"1"," 9.539975e-01"
"1"," 4.286032e-02"
"1"," 3.033525e-03"
"1"," 1.086460e-04"
"1","
2  "
"1"," 8.927725e-01"
"1"," 9.369248e-02"
"1"," 1.134754e-02"
"1"," 2.187482e-03"
"1","
3  "
"1"," 9.790410e-01"
"1"," 2.047578e-02"
"1"," 3.422122e-04"
"1"," 1.410446e-04"
"1","
4  "
"1"," 9.346682e-01"
"1"," 6.308947e-02"
"1"," 1.473268e-03"
"1"," 7.690193e-04"
"1","
5  "
"1"," 9.315095e-01"
"1"," 6.823959e-02"
"1"," 4.039790e-05"
"1"," 2.104697e-04"
"1","
6  "
"1"," 6.600989e-01"
"1"," 3.397830e-01"
"1"," 1.114335e-04"
"1"," 6.690714e-06"
"1","
7  "
"1"," 9.809239e-01"
"1"," 3.727715e-04"
"1"," 1.848124e-02"
"1"," 2.220962e-04"
"1","
8  "
"1"," 9.884478e-01"
"1"," 9.872384e-03"
"1"," 1.559692e-03"
"1"," 1.200972e-04"
"1","
9  "
"1"," 8.115435e-01"
"1"," 1.852153e-01"
"1"," 3.133777e-03"
"1"," 1.074134e-04"
"1","
10 "
"1"," 9.434549e-01"
"1"," 4.349669e-02"
"1"," 1.273359e-02"
"1"," 3.147862e-04"
"1","
11 "
"1"," 8.015666e-01"
"1"," 1.860553e-01"
"1"," 1.233027e-02"
"1"," 4.781468e-05"
"1","
12 "
"1"," 9.918759e-01"
"1"," 3.246413e-03"
"1"," 1.611452e-03"
"1"," 3.266207e-03"
"1","
13 "
"1"," 8.938769e-01"
"1"," 9.643777e-02"
"1"," 9.684299e-03"
"1"," 1.068108e-06"
"1","
14 "
"1"," 8.786492e-01"
"1"," 1.171616e-01"
"1"," 4.142463e-03"
"1"," 4.679349e-05"
"1","
15 "
"1"," 5.650488e-01"
"1"," 4.043808e-01"
"1"," 2.613836e-02"
"1"," 4.432120e-03"
"1","
16 "
"1"," 4.148109e-01"
"1"," 5.849066e-01"
"1"," 7.553351e-05"
"1"," 2.069881e-04"
"1","
17 "
"1"," 6.854138e-01"
"1"," 3.095680e-01"
"1"," 4.016660e-06"
"1"," 5.014193e-03"
"1","
18 "
"1"," 9.505502e-01"
"1"," 4.734550e-02"
"1"," 3.873412e-04"
"1"," 1.716953e-03"
"1","
19 "
"1"," 6.298932e-01"
"1"," 3.449666e-01"
"1"," 2.448797e-02"
"1"," 6.522857e-04"
"1","
20 "
"1"," 8.096466e-01"
"1"," 1.875497e-01"
"1"," 2.593586e-03"
"1"," 2.101821e-04"
"1","
21 "
"1"," 9.140097e-01"
"1"," 4.169275e-02"
"1"," 4.426781e-02"
"1"," 2.974870e-05"
"1","
22 "
"1"," 8.465230e-01"
"1"," 1.484182e-01"
"1"," 4.441578e-03"
"1"," 6.172806e-04"
"1","
23 "
"1"," 9.599880e-01"
"1"," 2.620158e-02"
"1"," 1.376225e-02"
"1"," 4.815049e-05"
"1","
24 "
"1"," 9.906097e-01"
"1"," 2.192409e-03"
"1"," 3.562427e-04"
"1"," 6.841630e-03"
"1","
25 "
"1"," 9.791281e-01"
"1"," 3.718675e-03"
"1"," 2.748222e-03"
"1"," 1.440503e-02"
"1","
26 "
"1"," 8.867166e-01"
"1"," 9.109885e-02"
"1"," 2.174287e-02"
"1"," 4.416744e-04"
"1","
27 "
"1"," 9.834773e-01"
"1"," 1.370839e-02"
"1"," 1.743550e-03"
"1"," 1.070756e-03"
"1","
28 "
"1"," 9.361470e-01"
"1"," 5.531742e-02"
"1"," 8.514587e-03"
"1"," 2.101799e-05"
"1","
29 "
"1"," 9.624243e-01"
"1"," 2.062572e-02"
"1"," 1.545739e-02"
"1"," 1.492626e-03"
"1","
30 "
"1"," 9.752045e-01"
"1"," 2.167720e-02"
"1"," 8.900726e-04"
"1"," 2.228202e-03"
"1","
31 "
"1"," 9.457919e-01"
"1"," 5.256672e-02"
"1"," 1.161820e-03"
"1"," 4.795258e-04"
"1","
32 "
"1"," 9.153582e-01"
"1"," 4.898229e-02"
"1"," 1.996007e-02"
"1"," 1.569949e-02"
"1","
33 "
"1"," 6.763790e-01"
"1"," 3.182025e-01"
"1"," 2.206332e-04"
"1"," 5.197918e-03"
"1","
34 "
"1"," 5.635205e-01"
"1"," 4.356170e-01"
"1"," 6.435898e-04"
"1"," 2.189209e-04"
"1","
35 "
"1"," 9.485212e-01"
"1"," 4.512209e-02"
"1"," 6.177227e-03"
"1"," 1.794632e-04"
"1","
36 "
"1"," 9.756149e-01"
"1"," 8.502422e-03"
"1"," 1.017240e-02"
"1"," 5.710252e-03"
"1","
37 "
"1"," 8.547102e-01"
"1"," 8.943472e-02"
"1"," 4.797608e-02"
"1"," 7.878975e-03"
"1","
38 "
"1"," 9.452702e-01"
"1"," 5.191636e-02"
"1"," 5.590322e-05"
"1"," 2.757564e-03"
"1","
39 "
"1"," 8.734875e-01"
"1"," 1.209721e-01"
"1"," 5.526313e-03"
"1"," 1.403307e-05"
"1","
40 "
"1"," 9.785321e-01"
"1"," 1.502744e-02"
"1"," 6.430181e-03"
"1"," 1.032357e-05"
"1","
41 "
"1"," 9.617761e-01"
"1"," 3.589435e-02"
"1"," 2.240088e-04"
"1"," 2.105584e-03"
"1","
42 "
"1"," 3.818483e-01"
"1"," 6.042461e-01"
"1"," 4.613167e-03"
"1"," 9.292455e-03"
"1","
43 "
"1"," 9.521845e-01"
"1"," 3.351629e-02"
"1"," 1.365155e-02"
"1"," 6.476937e-04"
"1","
44 "
"1"," 9.167790e-01"
"1"," 5.299912e-02"
"1"," 2.277138e-02"
"1"," 7.450520e-03"
"1","
45 "
"1"," 7.667622e-01"
"1"," 2.190454e-01"
"1"," 1.036211e-02"
"1"," 3.830287e-03"
"1","
46 "
"1"," 8.900194e-01"
"1"," 1.050436e-01"
"1"," 8.491279e-04"
"1"," 4.087828e-03"
"1","
47 "
"1"," 8.160634e-01"
"1"," 1.801414e-01"
"1"," 4.697940e-04"
"1"," 3.325449e-03"
"1","
48 "
"1"," 9.710330e-01"
"1"," 2.526848e-02"
"1"," 3.294562e-03"
"1"," 4.039311e-04"
"1","
49 "
"1"," 8.284719e-01"
"1"," 1.660006e-01"
"1"," 5.490379e-03"
"1"," 3.714452e-05"
"1","
50 "
"1"," 9.946874e-01"
"1"," 1.739593e-05"
"1"," 4.796002e-03"
"1"," 4.992129e-04"
"1","
51 "
"1"," 4.998618e-01"
"1"," 3.066571e-01"
"1"," 1.929814e-01"
"1"," 4.996436e-04"
"1","
52 "
"1"," 5.960682e-01"
"1"," 3.940322e-01"
"1"," 9.872793e-03"
"1"," 2.679752e-05"
"1","
53 "
"1"," 6.915685e-01"
"1"," 1.705639e-01"
"1"," 1.378277e-01"
"1"," 3.987688e-05"
"1","
54 "
"1"," 5.110830e-02"
"1"," 9.473960e-01"
"1"," 1.642717e-04"
"1"," 1.331413e-03"
"1","
55 "
"1"," 8.444751e-01"
"1"," 3.171536e-02"
"1"," 1.158004e-01"
"1"," 8.009136e-03"
"1","
56 "
"1"," 2.620665e-01"
"1"," 6.105701e-01"
"1"," 2.675438e-02"
"1"," 1.006090e-01"
"1","
57 "
"1"," 4.710788e-01"
"1"," 5.051030e-01"
"1"," 1.875830e-02"
"1"," 5.059902e-03"
"1","
58 "
"1"," 6.362155e-02"
"1"," 9.192932e-01"
"1"," 1.664541e-02"
"1"," 4.398597e-04"
"1","
59 "
"1"," 7.066943e-01"
"1"," 8.523983e-04"
"1"," 2.917205e-01"
"1"," 7.327866e-04"
"1","
60 "
"1"," 9.595978e-05"
"1"," 7.858559e-01"
"1"," 2.134528e-01"
"1"," 5.953775e-04"
"1","
61 "
"1"," 1.720338e-03"
"1"," 9.979427e-01"
"1"," 3.101660e-04"
"1"," 2.682643e-05"
"1","
62 "
"1"," 8.029139e-01"
"1"," 1.656293e-02"
"1"," 1.738666e-01"
"1"," 6.656551e-03"
"1","
63 "
"1"," 7.862358e-02"
"1"," 7.749373e-01"
"1"," 1.459187e-01"
"1"," 5.203999e-04"
"1","
64 "
"1"," 8.860991e-01"
"1"," 5.934992e-02"
"1"," 8.067524e-03"
"1"," 4.648345e-02"
"1","
65 "
"1"," 4.564686e-03"
"1"," 7.907372e-01"
"1"," 1.559075e-01"
"1"," 4.879060e-02"
"1","
66 "
"1"," 5.940507e-01"
"1"," 2.008852e-01"
"1"," 1.965268e-01"
"1"," 8.537215e-03"
"1","
67 "
"1"," 2.795423e-01"
"1"," 8.781721e-02"
"1"," 5.490673e-01"
"1"," 8.357322e-02"
"1","
68 "
"1"," 3.208691e-02"
"1"," 7.982287e-01"
"1"," 1.160627e-01"
"1"," 5.362166e-02"
"1","
69 "
"1"," 3.398538e-01"
"1"," 5.959170e-01"
"1"," 5.267388e-02"
"1"," 1.155540e-02"
"1","
70 "
"1"," 1.548382e-02"
"1"," 9.659862e-01"
"1"," 1.700670e-02"
"1"," 1.523262e-03"
"1","
71 "
"1"," 4.999383e-01"
"1"," 1.444842e-01"
"1"," 3.492051e-01"
"1"," 6.372381e-03"
"1","
72 "
"1"," 4.685974e-01"
"1"," 3.597502e-01"
"1"," 1.450098e-01"
"1"," 2.664257e-02"
"1","
73 "
"1"," 6.020253e-01"
"1"," 3.442909e-01"
"1"," 5.364475e-02"
"1"," 3.908654e-05"
"1","
74 "
"1"," 5.454390e-01"
"1"," 2.361181e-01"
"1"," 1.160354e-01"
"1"," 1.024076e-01"
"1","
75 "
"1"," 7.067637e-01"
"1"," 5.756026e-03"
"1"," 2.847768e-01"
"1"," 2.703512e-03"
"1","
76 "
"1"," 7.204579e-01"
"1"," 5.928516e-02"
"1"," 2.105051e-01"
"1"," 9.751919e-03"
"1","
77 "
"1"," 7.464447e-01"
"1"," 2.821831e-03"
"1"," 2.499887e-01"
"1"," 7.447254e-04"
"1","
78 "
"1"," 9.101054e-01"
"1"," 5.413854e-02"
"1"," 3.355342e-02"
"1"," 2.202677e-03"
"1","
79 "
"1"," 8.809180e-01"
"1"," 1.017402e-01"
"1"," 1.469515e-02"
"1"," 2.646707e-03"
"1","
80 "
"1"," 1.318942e-03"
"1"," 9.121560e-01"
"1"," 8.310921e-02"
"1"," 3.415854e-03"
"1","
81 "
"1"," 6.897068e-03"
"1"," 9.839981e-01"
"1"," 9.069177e-03"
"1"," 3.564264e-05"
"1","
82 "
"1"," 2.171750e-04"
"1"," 9.763206e-01"
"1"," 2.303811e-02"
"1"," 4.240747e-04"
"1","
83 "
"1"," 8.505812e-02"
"1"," 8.807901e-01"
"1"," 3.333620e-02"
"1"," 8.155603e-04"
"1","
84 "
"1"," 7.159556e-01"
"1"," 2.554710e-01"
"1"," 7.052264e-03"
"1"," 2.152111e-02"
"1","
85 "
"1"," 7.832704e-02"
"1"," 1.293003e-01"
"1"," 6.909830e-01"
"1"," 1.013896e-01"
"1","
86 "
"1"," 1.652746e-01"
"1"," 6.416844e-01"
"1"," 1.822459e-01"
"1"," 1.079510e-02"
"1","
87 "
"1"," 7.186556e-01"
"1"," 1.780829e-01"
"1"," 1.023568e-01"
"1"," 9.046727e-04"
"1","
88 "
"1"," 3.120681e-01"
"1"," 5.470709e-01"
"1"," 1.355055e-01"
"1"," 5.355556e-03"
"1","
89 "
"1"," 3.032379e-02"
"1"," 3.017123e-01"
"1"," 5.323828e-01"
"1"," 1.355811e-01"
"1","
90 "
"1"," 4.330787e-02"
"1"," 9.523411e-01"
"1"," 4.308269e-03"
"1"," 4.274416e-05"
"1","
91 "
"1"," 5.506021e-02"
"1"," 8.868405e-01"
"1"," 6.311564e-03"
"1"," 5.178769e-02"
"1","
92 "
"1"," 9.446604e-01"
"1"," 1.504234e-03"
"1"," 1.015833e-03"
"1"," 5.281956e-02"
"1","
93 "
"1"," 1.002241e-01"
"1"," 8.645554e-01"
"1"," 3.518273e-02"
"1"," 3.774200e-05"
"1","
94 "
"1"," 3.108397e-02"
"1"," 9.661717e-01"
"1"," 2.653527e-03"
"1"," 9.076054e-05"
"1","
95 "
"1"," 9.864922e-02"
"1"," 8.673937e-01"
"1"," 2.029333e-02"
"1"," 1.366375e-02"
"1","
96 "
"1"," 7.540386e-02"
"1"," 2.965881e-01"
"1"," 1.502826e-01"
"1"," 4.777254e-01"
"1","
97 "
"1"," 2.142720e-01"
"1"," 6.122323e-01"
"1"," 1.008348e-01"
"1"," 7.266088e-02"
"1","
98 "
"1"," 7.718989e-01"
"1"," 5.572946e-02"
"1"," 1.714552e-01"
"1"," 9.164701e-04"
"1","
99 "
"1"," 7.534247e-02"
"1"," 8.959985e-01"
"1"," 1.362912e-02"
"1"," 1.502994e-02"
"1","
100"
"1"," 1.510282e-01"
"1"," 8.217536e-01"
"1"," 1.934358e-02"
"1"," 7.874535e-03"
"1","
101"
"1"," 6.576882e-01"
"1"," 1.464500e-01"
"1"," 1.953930e-01"
"1"," 4.688547e-04"
"1","
102"
"1"," 6.348502e-01"
"1"," 2.312787e-01"
"1"," 1.330936e-01"
"1"," 7.774957e-04"
"1","
103"
"1"," 9.309818e-01"
"1"," 6.046551e-02"
"1"," 7.882131e-03"
"1"," 6.705488e-04"
"1","
104"
"1"," 9.608218e-01"
"1"," 1.022806e-03"
"1"," 1.240376e-02"
"1"," 2.575161e-02"
"1","
105"
"1"," 9.346725e-01"
"1"," 2.332217e-02"
"1"," 4.193416e-02"
"1"," 7.116659e-05"
"1","
106"
"1"," 8.843819e-01"
"1"," 7.481817e-02"
"1"," 3.959954e-02"
"1"," 1.200400e-03"
"1","
107"
"1"," 3.778803e-02"
"1"," 6.840153e-01"
"1"," 2.732251e-01"
"1"," 4.971551e-03"
"1","
108"
"1"," 8.896069e-01"
"1"," 2.961119e-02"
"1"," 7.127311e-02"
"1"," 9.508809e-03"
"1","
109"
"1"," 8.575580e-01"
"1"," 1.077902e-01"
"1"," 3.305796e-02"
"1"," 1.593835e-03"
"1","
110"
"1"," 5.695564e-01"
"1"," 4.115901e-01"
"1"," 1.762760e-02"
"1"," 1.225887e-03"
"1","
111"
"1"," 7.647242e-01"
"1"," 1.972084e-01"
"1"," 3.328672e-02"
"1"," 4.780668e-03"
"1","
112"
"1"," 9.339097e-01"
"1"," 6.465768e-02"
"1"," 1.954695e-04"
"1"," 1.237144e-03"
"1","
113"
"1"," 9.471838e-01"
"1"," 4.690981e-02"
"1"," 1.851388e-04"
"1"," 5.721225e-03"
"1","
114"
"1"," 4.833376e-01"
"1"," 4.111848e-01"
"1"," 1.024848e-01"
"1"," 2.992814e-03"
"1","
115"
"1"," 6.273744e-01"
"1"," 5.697216e-02"
"1"," 2.935210e-01"
"1"," 2.213241e-02"
"1","
116"
"1"," 7.371151e-01"
"1"," 1.333235e-01"
"1"," 1.188293e-01"
"1"," 1.073202e-02"
"1","
117"
"1"," 9.597199e-01"
"1"," 2.896412e-02"
"1"," 6.210597e-04"
"1"," 1.069490e-02"
"1","
118"
"1"," 4.704046e-01"
"1"," 5.222982e-01"
"1"," 1.306734e-03"
"1"," 5.990483e-03"
"1","
119"
"1"," 9.566234e-01"
"1"," 2.759385e-05"
"1"," 4.317082e-02"
"1"," 1.782216e-04"
"1","
120"
"1"," 3.482637e-01"
"1"," 6.352021e-01"
"1"," 1.560780e-02"
"1"," 9.264325e-04"
"1","
121"
"1"," 8.198686e-01"
"1"," 1.636762e-01"
"1"," 1.088557e-02"
"1"," 5.569591e-03"
"1","
122"
"1"," 4.855240e-01"
"1"," 1.659527e-01"
"1"," 3.481322e-01"
"1"," 3.910668e-04"
"1","
123"
"1"," 9.010088e-01"
"1"," 1.836048e-02"
"1"," 7.889070e-02"
"1"," 1.739973e-03"
"1","
124"
"1"," 8.759355e-01"
"1"," 1.143969e-01"
"1"," 1.452106e-05"
"1"," 9.653019e-03"
"1","
125"
"1"," 7.207085e-01"
"1"," 2.561509e-01"
"1"," 2.219381e-02"
"1"," 9.468142e-04"
"1","
126"
"1"," 7.549599e-01"
"1"," 2.007516e-01"
"1"," 3.486555e-02"
"1"," 9.423009e-03"
"1","
127"
"1"," 9.123146e-01"
"1"," 6.613785e-02"
"1"," 1.115483e-02"
"1"," 1.039271e-02"
"1","
128"
"1"," 8.980987e-01"
"1"," 3.567452e-03"
"1"," 9.826930e-02"
"1"," 6.453402e-05"
"1","
129"
"1"," 9.669461e-01"
"1"," 1.061345e-02"
"1"," 2.214823e-02"
"1"," 2.921952e-04"
"1","
130"
"1"," 7.993811e-01"
"1"," 7.276930e-02"
"1"," 1.178714e-01"
"1"," 9.978173e-03"
"1","
131"
"1"," 9.085510e-01"
"1"," 1.029352e-02"
"1"," 8.110630e-02"
"1"," 4.918700e-05"
"1","
132"
"1"," 4.250633e-01"
"1"," 5.518683e-01"
"1"," 1.948351e-02"
"1"," 3.584933e-03"
"1","
133"
"1"," 9.539992e-01"
"1"," 8.765525e-03"
"1"," 3.448514e-02"
"1"," 2.750088e-03"
"1","
134"
"1"," 8.895068e-01"
"1"," 6.148505e-02"
"1"," 2.412575e-02"
"1"," 2.488245e-02"
"1","
135"
"1"," 6.098699e-01"
"1"," 2.776295e-01"
"1"," 1.144455e-02"
"1"," 1.010561e-01"
"1","
136"
"1"," 8.752553e-01"
"1"," 8.202807e-02"
"1"," 3.293444e-02"
"1"," 9.782154e-03"
"1","
137"
"1"," 5.494001e-01"
"1"," 2.524935e-01"
"1"," 1.978260e-01"
"1"," 2.803340e-04"
"1","
138"
"1"," 8.755744e-01"
"1"," 8.620357e-02"
"1"," 1.580425e-02"
"1"," 2.241773e-02"
"1","
139"
"1"," 8.308982e-01"
"1"," 2.881718e-04"
"1"," 1.687869e-01"
"1"," 2.665801e-05"
"1","
140"
"1"," 8.737961e-01"
"1"," 1.164569e-01"
"1"," 4.090771e-05"
"1"," 9.706116e-03"
"1","
141"
"1"," 8.672096e-01"
"1"," 8.050645e-02"
"1"," 3.919390e-02"
"1"," 1.309003e-02"
"1","
142"
"1"," 8.353172e-01"
"1"," 1.098228e-01"
"1"," 3.907659e-03"
"1"," 5.095232e-02"
"1","
143"
"1"," 6.348502e-01"
"1"," 2.312787e-01"
"1"," 1.330936e-01"
"1"," 7.774957e-04"
"1","
144"
"1"," 8.273394e-01"
"1"," 1.495359e-01"
"1"," 2.271900e-02"
"1"," 4.057095e-04"
"1","
145"
"1"," 7.208004e-01"
"1"," 1.987242e-01"
"1"," 7.220417e-02"
"1"," 8.271249e-03"
"1","
146"
"1"," 9.050786e-01"
"1"," 3.873603e-02"
"1"," 1.698940e-02"
"1"," 3.919601e-02"
"1","
147"
"1"," 7.415355e-01"
"1"," 2.435666e-01"
"1"," 2.106691e-04"
"1"," 1.468722e-02"
"1","
148"
"1"," 9.510633e-01"
"1"," 2.975647e-02"
"1"," 1.334317e-02"
"1"," 5.837082e-03"
"1","
149"
"1"," 4.986771e-01"
"1"," 2.706036e-01"
"1"," 2.305387e-01"
"1"," 1.806536e-04"
"1","
150"
"1"," 7.508462e-01"
"1"," 4.816803e-04"
"1"," 2.270347e-01"
"1"," 2.163745e-02"
"1","
"
"1","
"
"1","$contrib
"
"1","   "
"1","        Dim.1"
"1","        Dim.2"
"1","        Dim.3"
"1","        Dim.4"
"1","
1  "
"1"," 1.171580e+00"
"1"," 1.680655e-01"
"1"," 0.0740854699"
"1"," 0.0187981878"
"1","
2  "
"1"," 9.891845e-01"
"1"," 3.314667e-01"
"1"," 0.2500340065"
"1"," 0.3414749194"
"1","
3  "
"1"," 1.276816e+00"
"1"," 8.526419e-02"
"1"," 0.0088753196"
"1"," 0.0259156335"
"1","
4  "
"1"," 1.207737e+00"
"1"," 2.602978e-01"
"1"," 0.0378580037"
"1"," 0.1400006497"
"1","
5  "
"1"," 1.304631e+00"
"1"," 3.051656e-01"
"1"," 0.0011251752"
"1"," 0.0415305722"
"1","
6  "
"1"," 9.841236e-01"
"1"," 1.617488e+00"
"1"," 0.0033038266"
"1"," 0.0014053710"
"1","
7  "
"1"," 1.364464e+00"
"1"," 1.655648e-03"
"1"," 0.5112327883"
"1"," 0.0435256991"
"1","
8  "
"1"," 1.138852e+00"
"1"," 3.631904e-02"
"1"," 0.0357366169"
"1"," 0.0194950539"
"1","
9  "
"1"," 1.245057e+00"
"1"," 9.073044e-01"
"1"," 0.0956107225"
"1"," 0.0232174250"
"1","
10 "
"1"," 1.089896e+00"
"1"," 1.604423e-01"
"1"," 0.2925335430"
"1"," 0.0512339121"
"1","
11 "
"1"," 1.071990e+00"
"1"," 7.944959e-01"
"1"," 0.3279325502"
"1"," 0.0090092802"
"1","
12 "
"1"," 1.235998e+00"
"1"," 1.291703e-02"
"1"," 0.0399336016"
"1"," 0.5734318882"
"1","
13 "
"1"," 1.124214e+00"
"1"," 3.872730e-01"
"1"," 0.2422146572"
"1"," 0.0001892624"
"1","
14 "
"1"," 1.583742e+00"
"1"," 6.742993e-01"
"1"," 0.1484869630"
"1"," 0.0118831650"
"1","
15 "
"1"," 1.104326e+00"
"1"," 2.523484e+00"
"1"," 1.0158994955"
"1"," 1.2203962175"
"1","
16 "
"1"," 1.169007e+00"
"1"," 5.263227e+00"
"1"," 0.0042331867"
"1"," 0.0821845289"
"1","
17 "
"1"," 1.113231e+00"
"1"," 1.605415e+00"
"1"," 0.0001297354"
"1"," 1.1473909140"
"1","
18 "
"1"," 1.095913e+00"
"1"," 1.742924e-01"
"1"," 0.0088808750"
"1"," 0.2788928520"
"1","
19 "
"1"," 8.233861e-01"
"1"," 1.439834e+00"
"1"," 0.6365761361"
"1"," 0.1201302332"
"1","
20 "
"1"," 1.254385e+00"
"1"," 9.277913e-01"
"1"," 0.0799092179"
"1"," 0.0458784612"
"1","
21 "
"1"," 8.371047e-01"
"1"," 1.219237e-01"
"1"," 0.8062652335"
"1"," 0.0038386173"
"1","
22 "
"1"," 1.112651e+00"
"1"," 6.228825e-01"
"1"," 0.1160963522"
"1"," 0.1143091084"
"1","
23 "
"1"," 1.758208e+00"
"1"," 1.532253e-01"
"1"," 0.5012505771"
"1"," 0.0124246151"
"1","
24 "
"1"," 7.555391e-01"
"1"," 5.339181e-03"
"1"," 0.0054033277"
"1"," 0.7351768228"
"1","
25 "
"1"," 1.133062e+00"
"1"," 1.374045e-02"
"1"," 0.0632450754"
"1"," 2.3485843165"
"1","
26 "
"1"," 8.702431e-01"
"1"," 2.854745e-01"
"1"," 0.4243590392"
"1"," 0.0610711214"
"1","
27 "
"1"," 9.610474e-01"
"1"," 4.277260e-02"
"1"," 0.0338825346"
"1"," 0.1474173843"
"1","
28 "
"1"," 1.074235e+00"
"1"," 2.026822e-01"
"1"," 0.1943030388"
"1"," 0.0033980058"
"1","
29 "
"1"," 1.045682e+00"
"1"," 7.155516e-02"
"1"," 0.3339875447"
"1"," 0.2284873243"
"1","
30 "
"1"," 1.172158e+00"
"1"," 8.319405e-02"
"1"," 0.0212753483"
"1"," 0.3773312792"
"1","
31 "
"1"," 1.046228e+00"
"1"," 1.856695e-01"
"1"," 0.0255582180"
"1"," 0.0747344232"
"1","
32 "
"1"," 7.663165e-01"
"1"," 1.309347e-01"
"1"," 0.3323074374"
"1"," 1.8517420279"
"1","
33 "
"1"," 1.561980e+00"
"1"," 2.346322e+00"
"1"," 0.0101325112"
"1"," 1.6911908382"
"1","
34 "
"1"," 1.366864e+00"
"1"," 3.373797e+00"
"1"," 0.0310445679"
"1"," 0.0748136145"
"1","
35 "
"1"," 1.016960e+00"
"1"," 1.544702e-01"
"1"," 0.1317077574"
"1"," 0.0271087969"
"1","
36 "
"1"," 1.113454e+00"
"1"," 3.098384e-02"
"1"," 0.2308757521"
"1"," 0.9181782850"
"1","
37 "
"1"," 9.554283e-01"
"1"," 3.192156e-01"
"1"," 1.0665099476"
"1"," 1.2408713464"
"1","
38 "
"1"," 1.459063e+00"
"1"," 2.558709e-01"
"1"," 0.0017159937"
"1"," 0.5996826546"
"1","
39 "
"1"," 1.348437e+00"
"1"," 5.962905e-01"
"1"," 0.1696563980"
"1"," 0.0030521403"
"1","
40 "
"1"," 1.075358e+00"
"1"," 5.273048e-02"
"1"," 0.1405277411"
"1"," 0.0015984012"
"1","
41 "
"1"," 1.194214e+00"
"1"," 1.423092e-01"
"1"," 0.0055313918"
"1"," 0.3683484106"
"1","
42 "
"1"," 7.886749e-01"
"1"," 3.984922e+00"
"1"," 0.1894817193"
"1"," 2.7040551932"
"1","
43 "
"1"," 1.489595e+00"
"1"," 1.674178e-01"
"1"," 0.4247075225"
"1"," 0.1427560884"
"1","
44 "
"1"," 8.815162e-01"
"1"," 1.627170e-01"
"1"," 0.4354275311"
"1"," 1.0093228160"
"1","
45 "
"1"," 1.043236e+00"
"1"," 9.516004e-01"
"1"," 0.2803695298"
"1"," 0.7342280157"
"1","
46 "
"1"," 9.785494e-01"
"1"," 3.687667e-01"
"1"," 0.0185659562"
"1"," 0.6332187627"
"1","
47 "
"1"," 1.299059e+00"
"1"," 9.156243e-01"
"1"," 0.0148721404"
"1"," 0.7458186614"
"1","
48 "
"1"," 1.309586e+00"
"1"," 1.088123e-01"
"1"," 0.0883606365"
"1"," 0.0767512359"
"1","
49 "
"1"," 1.135386e+00"
"1"," 7.263971e-01"
"1"," 0.1496335529"
"1"," 0.0071719679"
"1","
50 "
"1"," 1.109448e+00"
"1"," 6.195362e-05"
"1"," 0.1063801377"
"1"," 0.0784483755"
"1","
51 "
"1"," 2.772937e-01"
"1"," 5.431777e-01"
"1"," 2.1289551731"
"1"," 0.0390506557"
"1","
52 "
"1"," 1.221757e-01"
"1"," 2.578810e-01"
"1"," 0.0402429633"
"1"," 0.0007738583"
"1","
53 "
"1"," 3.517859e-01"
"1"," 2.770315e-01"
"1"," 1.3942496048"
"1"," 0.0028578683"
"1","
54 "
"1"," 3.792875e-02"
"1"," 2.244953e+00"
"1"," 0.0024243801"
"1"," 0.1392090706"
"1","
55 "
"1"," 2.642103e-01"
"1"," 3.168336e-02"
"1"," 0.7204998543"
"1"," 0.3530420497"
"1","
56 "
"1"," 3.451041e-02"
"1"," 2.567277e-01"
"1"," 0.0700639109"
"1"," 1.8666078775"
"1","
57 "
"1"," 1.273045e-01"
"1"," 4.358417e-01"
"1"," 0.1008101906"
"1"," 0.1926504448"
"1","
58 "
"1"," 5.424787e-02"
"1"," 2.502829e+00"
"1"," 0.2822499116"
"1"," 0.0528409365"
"1","
59 "
"1"," 1.966769e-01"
"1"," 7.574657e-04"
"1"," 1.6145429010"
"1"," 0.0287327414"
"1","
60 "
"1"," 2.982306e-05"
"1"," 7.798382e-01"
"1"," 1.3192456417"
"1"," 0.0260695270"
"1","
61 "
"1"," 2.773852e-03"
"1"," 5.137759e+00"
"1"," 0.0099454541"
"1"," 0.0060941094"
"1","
62 "
"1"," 4.436317e-02"
"1"," 2.922062e-03"
"1"," 0.1910428140"
"1"," 0.0518180108"
"1","
63 "
"1"," 7.217543e-02"
"1"," 2.271443e+00"
"1"," 2.6638426084"
"1"," 0.0673056647"
"1","
64 "
"1"," 1.182730e-01"
"1"," 2.529427e-02"
"1"," 0.0214143325"
"1"," 0.8741371675"
"1","
65 "
"1"," 2.541344e-04"
"1"," 1.405670e-01"
"1"," 0.1726157985"
"1"," 0.3827071863"
"1","
66 "
"1"," 1.750530e-01"
"1"," 1.890135e-01"
"1"," 1.1516721583"
"1"," 0.3544379107"
"1","
67 "
"1"," 2.802269e-02"
"1"," 2.810869e-02"
"1"," 1.0945830163"
"1"," 1.1803403641"
"1","
68 "
"1"," 5.761099e-03"
"1"," 4.576183e-01"
"1"," 0.4144108156"
"1"," 1.3564242596"
"1","
69 "
"1"," 3.428372e-01"
"1"," 1.919466e+00"
"1"," 1.0567008451"
"1"," 1.6423238792"
"1","
70 "
"1"," 6.212765e-03"
"1"," 1.237589e+00"
"1"," 0.1357024803"
"1"," 0.0861111275"
"1","
71 "
"1"," 1.243050e-01"
"1"," 1.147073e-01"
"1"," 1.7266865574"
"1"," 0.2232295394"
"1","
72 "
"1"," 5.181878e-02"
"1"," 1.270244e-01"
"1"," 0.3188933264"
"1"," 0.4150890477"
"1","
73 "
"1"," 3.479405e-01"
"1"," 6.353522e-01"
"1"," 0.6165644218"
"1"," 0.0031826975"
"1","
74 "
"1"," 9.148759e-02"
"1"," 1.264573e-01"
"1"," 0.3870502233"
"1"," 2.4200590806"
"1","
75 "
"1"," 1.127824e-01"
"1"," 2.932841e-03"
"1"," 0.9037173021"
"1"," 0.0607817506"
"1","
76 "
"1"," 1.746000e-01"
"1"," 4.587544e-02"
"1"," 1.0145163207"
"1"," 0.3329687874"
"1","
77 "
"1"," 3.606456e-01"
"1"," 4.353241e-03"
"1"," 2.4019517300"
"1"," 0.0506940521"
"1","
78 "
"1"," 4.215101e-01"
"1"," 8.006110e-02"
"1"," 0.3090394818"
"1"," 0.1437291942"
"1","
79 "
"1"," 1.009559e-01"
"1"," 3.722954e-02"
"1"," 0.0334912526"
"1"," 0.0427346507"
"1","
80 "
"1"," 3.702260e-04"
"1"," 8.175402e-01"
"1"," 0.4639288067"
"1"," 0.1350885272"
"1","
81 "
"1"," 3.907804e-03"
"1"," 1.780169e+00"
"1"," 0.1021873476"
"1"," 0.0028452212"
"1","
82 "
"1"," 1.256419e-04"
"1"," 1.803499e+00"
"1"," 0.2650529064"
"1"," 0.0345656640"
"1","
83 "
"1"," 1.332666e-02"
"1"," 4.406326e-01"
"1"," 0.1038681873"
"1"," 0.0180027756"
"1","
84 "
"1"," 2.571921e-01"
"1"," 2.930298e-01"
"1"," 0.0503803228"
"1"," 1.0892158362"
"1","
85 "
"1"," 1.145943e-02"
"1"," 6.040177e-02"
"1"," 2.0103870789"
"1"," 2.0898868722"
"1","
86 "
"1"," 4.206739e-02"
"1"," 5.215066e-01"
"1"," 0.9224829186"
"1"," 0.3871185215"
"1","
87 "
"1"," 2.512321e-01"
"1"," 1.987812e-01"
"1"," 0.7115935182"
"1"," 0.0445577925"
"1","
88 "
"1"," 2.492254e-01"
"1"," 1.395036e+00"
"1"," 2.1520914635"
"1"," 0.6025948789"
"1","
89 "
"1"," 1.106171e-03"
"1"," 3.514231e-02"
"1"," 0.3862100630"
"1"," 0.6968122496"
"1","
90 "
"1"," 1.835633e-02"
"1"," 1.288873e+00"
"1"," 0.0363147197"
"1"," 0.0025525462"
"1","
91 "
"1"," 1.779098e-02"
"1"," 9.149687e-01"
"1"," 0.0405564496"
"1"," 2.3575797345"
"1","
92 "
"1"," 8.910690e-02"
"1"," 4.530537e-04"
"1"," 0.0019055434"
"1"," 0.7019533390"
"1","
93 "
"1"," 2.587009e-02"
"1"," 7.125528e-01"
"1"," 0.1805992592"
"1"," 0.0013725506"
"1","
94 "
"1"," 2.996446e-02"
"1"," 2.973877e+00"
"1"," 0.0508691404"
"1"," 0.0123266458"
"1","
95 "
"1"," 1.902395e-02"
"1"," 5.340992e-01"
"1"," 0.0778253587"
"1"," 0.3712400221"
"1","
96 "
"1"," 1.906636e-03"
"1"," 2.394565e-02"
"1"," 0.0755690340"
"1"," 1.7018858229"
"1","
97 "
"1"," 1.184513e-02"
"1"," 1.080660e-01"
"1"," 0.1108524977"
"1"," 0.5659170445"
"1","
98 "
"1"," 7.588915e-02"
"1"," 1.749455e-02"
"1"," 0.3352207251"
"1"," 0.0126944946"
"1","
99 "
"1"," 4.577829e-02"
"1"," 1.738304e+00"
"1"," 0.1646828659"
"1"," 1.2866329226"
"1","
100"
"1"," 1.505583e-02"
"1"," 2.615693e-01"
"1"," 0.0383481419"
"1"," 0.1105984945"
"1","
101"
"1"," 7.772113e-01"
"1"," 5.525952e-01"
"1"," 4.5918630264"
"1"," 0.0780611911"
"1","
102"
"1"," 3.062511e-01"
"1"," 3.562384e-01"
"1"," 1.2768046142"
"1"," 0.0528423678"
"1","
103"
"1"," 1.110891e+00"
"1"," 2.303758e-01"
"1"," 0.1870402329"
"1"," 0.1127297915"
"1","
104"
"1"," 4.737675e-01"
"1"," 1.610328e-03"
"1"," 0.1216288811"
"1"," 1.7889763033"
"1","
105"
"1"," 7.969220e-01"
"1"," 6.349274e-02"
"1"," 0.7110254523"
"1"," 0.0085489018"
"1","
106"
"1"," 1.729841e+00"
"1"," 4.672746e-01"
"1"," 1.5403430102"
"1"," 0.3308036127"
"1","
107"
"1"," 3.076971e-02"
"1"," 1.778417e+00"
"1"," 4.4243620277"
"1"," 0.5703466149"
"1","
108"
"1"," 1.210949e+00"
"1"," 1.287011e-01"
"1"," 1.9293646099"
"1"," 1.8236086739"
"1","
109"
"1"," 9.198318e-01"
"1"," 3.691671e-01"
"1"," 0.7051506981"
"1"," 0.2408608329"
"1","
110"
"1"," 1.166489e+00"
"1"," 2.691581e+00"
"1"," 0.7179561915"
"1"," 0.3537303233"
"1","
111"
"1"," 4.250988e-01"
"1"," 3.500332e-01"
"1"," 0.3679738216"
"1"," 0.3744134556"
"1","
112"
"1"," 5.867354e-01"
"1"," 1.297048e-01"
"1"," 0.0024421775"
"1"," 0.1095053905"
"1","
113"
"1"," 8.107097e-01"
"1"," 1.282016e-01"
"1"," 0.0031512973"
"1"," 0.6899188576"
"1","
114"
"1"," 3.627186e-01"
"1"," 9.852693e-01"
"1"," 1.5294649148"
"1"," 0.3164293836"
"1","
115"
"1"," 4.920299e-01"
"1"," 1.426679e-01"
"1"," 4.5778848732"
"1"," 2.4455203507"
"1","
116"
"1"," 5.775450e-01"
"1"," 3.335462e-01"
"1"," 1.8515485275"
"1"," 1.1847035085"
"1","
117"
"1"," 4.945719e-01"
"1"," 4.765889e-02"
"1"," 0.0063647181"
"1"," 0.7764963716"
"1","
118"
"1"," 1.344772e+00"
"1"," 4.767541e+00"
"1"," 0.0742891607"
"1"," 2.4127754594"
"1","
119"
"1"," 2.503732e+00"
"1"," 2.305993e-04"
"1"," 2.2469741131"
"1"," 0.0657181183"
"1","
120"
"1"," 3.648238e-01"
"1"," 2.124641e+00"
"1"," 0.3251454215"
"1"," 0.1367308778"
"1","
121"
"1"," 9.484988e-01"
"1"," 6.046122e-01"
"1"," 0.2504404980"
"1"," 0.9078074368"
"1","
122"
"1"," 2.184791e-01"
"1"," 2.384417e-01"
"1"," 3.1153323436"
"1"," 0.0247929423"
"1","
123"
"1"," 1.917969e+00"
"1"," 1.247945e-01"
"1"," 3.3396376736"
"1"," 0.5218348285"
"1","
124"
"1"," 4.060326e-01"
"1"," 1.693175e-01"
"1"," 0.0001338592"
"1"," 0.6304197531"
"1","
125"
"1"," 6.607271e-01"
"1"," 7.498200e-01"
"1"," 0.4046273483"
"1"," 0.1222939878"
"1","
126"
"1"," 8.724563e-01"
"1"," 7.407599e-01"
"1"," 0.8012670205"
"1"," 1.5342187409"
"1","
127"
"1"," 3.154291e-01"
"1"," 7.301395e-02"
"1"," 0.0766974659"
"1"," 0.5062486742"
"1","
128"
"1"," 2.380997e-01"
"1"," 3.019893e-03"
"1"," 0.5180998585"
"1"," 0.0024104676"
"1","
129"
"1"," 7.305574e-01"
"1"," 2.560398e-02"
"1"," 0.3327760334"
"1"," 0.0311030487"
"1","
130"
"1"," 7.933721e-01"
"1"," 2.306056e-01"
"1"," 2.3264426950"
"1"," 1.3952497145"
"1","
131"
"1"," 1.355462e+00"
"1"," 4.903441e-02"
"1"," 2.4063215203"
"1"," 0.0103387092"
"1","
132"
"1"," 1.213568e+00"
"1"," 5.030886e+00"
"1"," 1.1062123344"
"1"," 1.4420133414"
"1","
133"
"1"," 7.925683e-01"
"1"," 2.325227e-02"
"1"," 0.5697464364"
"1"," 0.3218941362"
"1","
134"
"1"," 2.835535e-01"
"1"," 6.258264e-02"
"1"," 0.1529422488"
"1"," 1.1175234509"
"1","
135"
"1"," 3.302937e-01"
"1"," 4.800952e-01"
"1"," 0.1232601705"
"1"," 7.7108684318"
"1","
136"
"1"," 1.789303e+00"
"1"," 5.354394e-01"
"1"," 1.3389376862"
"1"," 2.8174844880"
"1","
137"
"1"," 5.675483e-01"
"1"," 8.328428e-01"
"1"," 4.0640433041"
"1"," 0.0408007109"
"1","
138"
"1"," 4.140263e-01"
"1"," 1.301544e-01"
"1"," 0.1486174026"
"1"," 1.4934973911"
"1","
139"
"1"," 1.953747e-01"
"1"," 2.163569e-04"
"1"," 0.7892603531"
"1"," 0.0008831330"
"1","
140"
"1"," 7.835243e-01"
"1"," 3.334311e-01"
"1"," 0.0007294718"
"1"," 1.2262123193"
"1","
141"
"1"," 9.272946e-01"
"1"," 2.748673e-01"
"1"," 0.8334374928"
"1"," 1.9720234958"
"1","
142"
"1"," 8.261745e-01"
"1"," 3.468260e-01"
"1"," 0.0768595769"
"1"," 7.1000621908"
"1","
143"
"1"," 3.062511e-01"
"1"," 3.562384e-01"
"1"," 1.2768046142"
"1"," 0.0528423678"
"1","
144"
"1"," 9.511464e-01"
"1"," 5.489182e-01"
"1"," 0.5194140063"
"1"," 0.0657138147"
"1","
145"
"1"," 9.120198e-01"
"1"," 8.028580e-01"
"1"," 1.8168223340"
"1"," 1.4744777917"
"1","
146"
"1"," 7.992200e-01"
"1"," 1.092179e-01"
"1"," 0.2983450789"
"1"," 4.8764047904"
"1","
147"
"1"," 5.591717e-01"
"1"," 5.864482e-01"
"1"," 0.0031591850"
"1"," 1.5603811591"
"1","
148"
"1"," 5.285732e-01"
"1"," 5.280510e-02"
"1"," 0.1474740612"
"1"," 0.4570559850"
"1","
149"
"1"," 4.304832e-01"
"1"," 7.458799e-01"
"1"," 3.9576870378"
"1"," 0.0219715715"
"1","
150"
"1"," 2.108071e-01"
"1"," 4.318091e-04"
"1"," 1.2676148947"
"1"," 0.8558903971"
"1","
"
"1","
"
"1","$dist
"
"1","        1 "
"1","        2 "
"1","        3 "
"1","        4 "
"1","        5 "
"1","        6 "
"1","        7 "
"1","        8 "
"1","        9 "
"1","       10 "
"1","
"
"1","2.3186628 "
"1","2.2023867 "
"1","2.3894014 "
"1","2.3783885 "
"1","2.4761421 "
"1","2.5547337 "
"1","2.4676790 "
"1","2.2458571 "
"1","2.5915769 "
"1","2.2488335 "
"1","
"
"1","       11 "
"1","       12 "
"1","       13 "
"1","       14 "
"1","       15 "
"1","       16 "
"1","       17 "
"1","       18 "
"1","       19 "
"1","       20 "
"1","
"
"1","2.4196403 "
"1","2.3356377 "
"1","2.3464482 "
"1","2.8090516 "
"1","2.9250348 "
"1","3.5124385 "
"1","2.6664997 "
"1","2.2466007 "
"1","2.3921787 "
"1","2.6043116 "
"1","
"
"1","       21 "
"1","       22 "
"1","       23 "
"1","       24 "
"1","       25 "
"1","       26 "
"1","       27 "
"1","       28 "
"1","       29 "
"1","       30 "
"1","
"
"1","2.0023492 "
"1","2.3987528 "
"1","2.8315714 "
"1","1.8272690 "
"1","2.2507762 "
"1","2.0727800 "
"1","2.0683096 "
"1","2.2413148 "
"1","2.1809308 "
"1","2.2938789 "
"1","
"
"1","       31 "
"1","       32 "
"1","       33 "
"1","       34 "
"1","       35 "
"1","       36 "
"1","       37 "
"1","       38 "
"1","       39 "
"1","       40 "
"1","
"
"1","2.2005982 "
"1","1.9144052 "
"1","3.1795671 "
"1","3.2586152 "
"1","2.1664754 "
"1","2.2352302 "
"1","2.2121517 "
"1","2.5994670 "
"1","2.5996342 "
"1","2.1933821 "
"1","
"
"1","       41 "
"1","       42 "
"1","       43 "
"1","       44 "
"1","       45 "
"1","       46 "
"1","       47 "
"1","       48 "
"1","       49 "
"1","       50 "
"1","
"
"1","2.3314682 "
"1","3.0069688 "
"1","2.6169707 "
"1","2.0516730 "
"1","2.4405414 "
"1","2.1939006 "
"1","2.6398415 "
"1","2.4298273 "
"1","2.4493914 "
"1","2.2097109 "
"1","
"
"1","       51 "
"1","       52 "
"1","       53 "
"1","       54 "
"1","       55 "
"1","       56 "
"1","       57 "
"1","       58 "
"1","       59 "
"1","       60 "
"1","
"
"1","1.5583693 "
"1","0.9472613 "
"1","1.4922684 "
"1","1.8024525 "
"1","1.1703258 "
"1","0.7592671 "
"1","1.0876780 "
"1","1.9320331 "
"1","1.1037892 "
"1","1.1664249 "
"1","
"
"1","       61 "
"1","       62 "
"1","       63 "
"1","       64 "
"1","       65 "
"1","       66 "
"1","       67 "
"1","       68 "
"1","       69 "
"1","       70 "
"1","
"
"1","2.6568072 "
"1","0.4918154 "
"1","2.0046733 "
"1","0.7644111 "
"1","0.4936869 "
"1","1.1357908 "
"1","0.6624551 "
"1","0.8865720 "
"1","2.1014703 "
"1","1.3253442 "
"1","
"
"1","       71 "
"1","       72 "
"1","       73 "
"1","       74 "
"1","       75 "
"1","       76 "
"1","       77 "
"1","       78 "
"1","       79 "
"1","       80 "
"1","
"
"1","1.0433051 "
"1","0.6957752 "
"1","1.5906348 "
"1","0.8569063 "
"1","0.8358125 "
"1","1.0300139 "
"1","1.4543429 "
"1","1.4239131 "
"1","0.7083102 "
"1","1.1085262 "
"1","
"
"1","       81 "
"1","       82 "
"1","       83 "
"1","       84 "
"1","       85 "
"1","       86 "
"1","       87 "
"1","       88 "
"1","       89 "
"1","       90 "
"1","
"
"1","1.5749235 "
"1","1.5914305 "
"1","0.8281864 "
"1","1.2540390 "
"1","0.8002967 "
"1","1.0555896 "
"1","1.2370934 "
"1","1.8698072 "
"1","0.3996176 "
"1","1.3621809 "
"1","
"
"1","       91 "
"1","       92 "
"1","       93 "
"1","       94 "
"1","       95 "
"1","       96 "
"1","       97 "
"1","       98 "
"1","       99 "
"1","      100 "
"1","
"
"1","1.1893408 "
"1","0.6426036 "
"1","1.0630118 "
"1","2.0542832 "
"1","0.9188165 "
"1","0.3327074 "
"1","0.4919403 "
"1","0.6560470 "
"1","1.6309294 "
"1","0.6606152 "
"1","
"
"1","      101 "
"1","      102 "
"1","      103 "
"1","      104 "
"1","      105 "
"1","      106 "
"1","      107 "
"1","      108 "
"1","      109 "
"1","      110 "
"1","
"
"1","2.2744943 "
"1","1.4532105 "
"1","2.2855490 "
"1","1.4692189 "
"1","1.9319838 "
"1","2.9262304 "
"1","1.8880343 "
"1","2.4411201 "
"1","2.1669444 "
"1","2.9943135 "
"1","
"
"1","      111 "
"1","      112 "
"1","      113 "
"1","      114 "
"1","      115 "
"1","      116 "
"1","      117 "
"1","      118 "
"1","      119 "
"1","      120 "
"1","
"
"1","1.5599757 "
"1","1.6584180 "
"1","1.9357126 "
"1","1.8125288 "
"1","1.8529243 "
"1","1.8520409 "
"1","1.5019926 "
"1","3.5376423 "
"1","3.3849227 "
"1","2.1414739 "
"1","
"
"1","      121 "
"1","      122 "
"1","      123 "
"1","      124 "
"1","      125 "
"1","      126 "
"1","      127 "
"1","      128 "
"1","      129 "
"1","      130 "
"1","
"
"1","2.2504615 "
"1","1.4035404 "
"1","3.0526824 "
"1","1.4245238 "
"1","2.0033487 "
"1","2.2492371 "
"1","1.2302797 "
"1","1.0773149 "
"1","1.8186594 "
"1","2.0844277 "
"1","
"
"1","      131 "
"1","      132 "
"1","      133 "
"1","      134 "
"1","      135 "
"1","      136 "
"1","      137 "
"1","      138 "
"1","      139 "
"1","      140 "
"1","
"
"1","2.5556088 "
"1","3.5353345 "
"1","1.9070832 "
"1","1.1813216 "
"1","1.5397735 "
"1","2.9915750 "
"1","2.1265831 "
"1","1.4387746 "
"1","1.0145784 "
"1","1.9812829 "
"1","
"
"1","      141 "
"1","      142 "
"1","      143 "
"1","      144 "
"1","      145 "
"1","      146 "
"1","      147 "
"1","      148 "
"1","      149 "
"1","      150 "
"1","
"
"1","2.1635759 "
"1","2.0808247 "
"1","1.4532105 "
"1","2.2434021 "
"1","2.3535312 "
"1","1.9661441 "
"1","1.8169038 "
"1","1.5598153 "
"1","1.9439885 "
"1","1.1086448 "
"1","
"
"1","
"
